path,category,reason,archive_target,copy_verified,size_bytes
/home/mircore/Desktop/diff_hydro/.venv_hydrofabric,ignored_cache_temp,local environment not part of publication package,,false,868421344
/home/mircore/Desktop/diff_hydro/CAMELS-US.csv,retained_raw_data,raw basin manifest retained locally,,false,33578
/home/mircore/Desktop/diff_hydro/Camels,retained_raw_data,CAMELS forcing/attributes used by locked Model 6,,false,14896084932
/home/mircore/Desktop/diff_hydro/Diagnosis.py,moved_to_nas,top-level non-kept workspace content,/mnt/nas/home_aman/Projects/WRR_repo_archive_2026-06-23/Diagnosis.py,false,29061
/home/mircore/Desktop/diff_hydro/HBV11P_ECO_LSTM_CLEAN,moved_to_nas,top-level non-kept workspace content,/mnt/nas/home_aman/Projects/WRR_repo_archive_2026-06-23/HBV11P_ECO_LSTM_CLEAN,false,328771281
/home/mircore/Desktop/diff_hydro/Model_six_physical,moved_to_nas,top-level non-kept workspace content,/mnt/nas/home_aman/Projects/WRR_repo_archive_2026-06-23/Model_six_physical,false,556836118
/home/mircore/Desktop/diff_hydro/REPO_CLEANUP_KEEP_ARCHIVE_2026-06-16.md,moved_to_nas,top-level non-kept workspace content,/mnt/nas/home_aman/Projects/WRR_repo_archive_2026-06-23/REPO_CLEANUP_KEEP_ARCHIVE_2026-06-16.md,false,2490
/home/mircore/Desktop/diff_hydro/__pycache__,ignored_cache_temp,cache/temp,,false,111092
/home/mircore/Desktop/diff_hydro/cache,ignored_cache_temp,cache/temp,,false,213266
/home/mircore/Desktop/diff_hydro/cleanup_archive_log_2026-06-16.txt,moved_to_nas,top-level non-kept workspace content,/mnt/nas/home_aman/Projects/WRR_repo_archive_2026-06-23/cleanup_archive_log_2026-06-16.txt,false,19185
/home/mircore/Desktop/diff_hydro/code,moved_to_nas,top-level non-kept workspace content,/mnt/nas/home_aman/Projects/WRR_repo_archive_2026-06-23/code,false,5378540
/home/mircore/Desktop/diff_hydro/credentials,moved_to_nas,top-level non-kept workspace content,/mnt/nas/home_aman/Projects/WRR_repo_archive_2026-06-23/credentials,false,1034
/home/mircore/Desktop/diff_hydro/data,moved_to_nas,top-level non-kept workspace content,/mnt/nas/home_aman/Projects/WRR_repo_archive_2026-06-23/data,false,504774330
/home/mircore/Desktop/diff_hydro/data_processed,moved_to_nas,top-level non-kept workspace content,/mnt/nas/home_aman/Projects/WRR_repo_archive_2026-06-23/data_processed,false,45029441
/home/mircore/Desktop/diff_hydro/downloads,moved_to_nas,top-level non-kept workspace content,/mnt/nas/home_aman/Projects/WRR_repo_archive_2026-06-23/downloads,false,0
/home/mircore/Desktop/diff_hydro/external_downloads,moved_to_nas,top-level non-kept workspace content,/mnt/nas/home_aman/Projects/WRR_repo_archive_2026-06-23/external_downloads,false,262303072
/home/mircore/Desktop/diff_hydro/global_data,retained_raw_data,Caravan and related retained raw/global support data used by locked branch,,false,123509368951
/home/mircore/Desktop/diff_hydro/results,moved_to_nas,top-level non-kept workspace content,/mnt/nas/home_aman/Projects/WRR_repo_archive_2026-06-23/results,false,13188905147
/home/mircore/Desktop/diff_hydro/rohini_ESSS.pdf,moved_to_nas,top-level non-kept workspace content,/mnt/nas/home_aman/Projects/WRR_repo_archive_2026-06-23/rohini_ESSS.pdf,false,2137918
/home/mircore/Desktop/diff_hydro/scripts,moved_to_nas,top-level non-kept workspace content,/mnt/nas/home_aman/Projects/WRR_repo_archive_2026-06-23/scripts,false,178062
/home/mircore/Desktop/diff_hydro/tmp_model6_debug,ignored_cache_temp,temporary debugging outputs,,false,358118
/home/mircore/Desktop/diff_hydro/ECO_HYBRID/Distributed_Model6_Juniata_HU12,moved_to_nas,ECO_HYBRID experiment/code/results not retained in clean repo,/mnt/nas/home_aman/Projects/WRR_repo_archive_2026-06-23/ECO_HYBRID/Distributed_Model6_Juniata_HU12,false,123151853
/home/mircore/Desktop/diff_hydro/ECO_HYBRID/ECO_INPUTS_2020,retained_raw_data,"subset, GRACE, SWE, and ancillary validation support retained locally",,false,9488686392
/home/mircore/Desktop/diff_hydro/ECO_HYBRID/GROUNDWATER_RECESSION_EXPERIMENTS_README.md,moved_to_nas,ECO_HYBRID experiment/code/results not retained in clean repo,/mnt/nas/home_aman/Projects/WRR_repo_archive_2026-06-23/ECO_HYBRID/GROUNDWATER_RECESSION_EXPERIMENTS_README.md,false,16239
/home/mircore/Desktop/diff_hydro/ECO_HYBRID/MODEL6CLOSED_SNOW_ASRZ_SIMHYD_SIMPLE_FINAL_DIAGNOSTIC.md,moved_to_nas,ECO_HYBRID experiment/code/results not retained in clean repo,/mnt/nas/home_aman/Projects/WRR_repo_archive_2026-06-23/ECO_HYBRID/MODEL6CLOSED_SNOW_ASRZ_SIMHYD_SIMPLE_FINAL_DIAGNOSTIC.md,false,16741
/home/mircore/Desktop/diff_hydro/ECO_HYBRID/MODEL6CLOSED_SNOW_ASRZ_SIMHYD_SIMPLE_REFERENCE.md,moved_to_nas,ECO_HYBRID experiment/code/results not retained in clean repo,/mnt/nas/home_aman/Projects/WRR_repo_archive_2026-06-23/ECO_HYBRID/MODEL6CLOSED_SNOW_ASRZ_SIMHYD_SIMPLE_REFERENCE.md,false,15551
/home/mircore/Desktop/diff_hydro/ECO_HYBRID/Model6Closed_Snow_aSrz_SIMHYD_LSTMParam_PETLAI_DynamicK_SUB_CRAK_full671,moved_to_nas,ECO_HYBRID experiment/code/results not retained in clean repo,/mnt/nas/home_aman/Projects/WRR_repo_archive_2026-06-23/ECO_HYBRID/Model6Closed_Snow_aSrz_SIMHYD_LSTMParam_PETLAI_DynamicK_SUB_CRAK_full671,false,29341949
/home/mircore/Desktop/diff_hydro/ECO_HYBRID/Model6Closed_Snow_aSrz_SIMHYD_LSTMParam_RnLAIET_DynamicK_32basins_test,moved_to_nas,ECO_HYBRID experiment/code/results not retained in clean repo,/mnt/nas/home_aman/Projects/WRR_repo_archive_2026-06-23/ECO_HYBRID/Model6Closed_Snow_aSrz_SIMHYD_LSTMParam_RnLAIET_DynamicK_32basins_test,false,138178304
/home/mircore/Desktop/diff_hydro/ECO_HYBRID/Model6Closed_Snow_aSrz_SIMHYD_Simple_HBV11Snow_compare32,moved_to_nas,ECO_HYBRID experiment/code/results not retained in clean repo,/mnt/nas/home_aman/Projects/WRR_repo_archive_2026-06-23/ECO_HYBRID/Model6Closed_Snow_aSrz_SIMHYD_Simple_HBV11Snow_compare32,false,3554990
/home/mircore/Desktop/diff_hydro/ECO_HYBRID/Model6Closed_Snow_aSrz_SIMHYD_Simple_HBV11Snow_demo32,moved_to_nas,ECO_HYBRID experiment/code/results not retained in clean repo,/mnt/nas/home_aman/Projects/WRR_repo_archive_2026-06-23/ECO_HYBRID/Model6Closed_Snow_aSrz_SIMHYD_Simple_HBV11Snow_demo32,false,474143
/home/mircore/Desktop/diff_hydro/ECO_HYBRID/Model6Closed_Snow_aSrz_SIMHYD_Simple_LAIEco_full671_target0732_train1,moved_to_nas,ECO_HYBRID experiment/code/results not retained in clean repo,/mnt/nas/home_aman/Projects/WRR_repo_archive_2026-06-23/ECO_HYBRID/Model6Closed_Snow_aSrz_SIMHYD_Simple_LAIEco_full671_target0732_train1,false,488444547
/home/mircore/Desktop/diff_hydro/ECO_HYBRID/Model6Closed_Snow_aSrz_SIMHYD_Simple_LAIEco_full671_target0732_train1_results_package,moved_to_nas,ECO_HYBRID experiment/code/results not retained in clean repo,/mnt/nas/home_aman/Projects/WRR_repo_archive_2026-06-23/ECO_HYBRID/Model6Closed_Snow_aSrz_SIMHYD_Simple_LAIEco_full671_target0732_train1_results_package,false,374474417
/home/mircore/Desktop/diff_hydro/ECO_HYBRID/Model6Closed_Snow_aSrz_SIMHYD_Simple_demo32,moved_to_nas,ECO_HYBRID experiment/code/results not retained in clean repo,/mnt/nas/home_aman/Projects/WRR_repo_archive_2026-06-23/ECO_HYBRID/Model6Closed_Snow_aSrz_SIMHYD_Simple_demo32,false,8305668
/home/mircore/Desktop/diff_hydro/ECO_HYBRID/Model6Closed_Snow_aSrz_SIMHYD_Simple_full671_ep80_iter200,moved_to_nas,ECO_HYBRID experiment/code/results not retained in clean repo,/mnt/nas/home_aman/Projects/WRR_repo_archive_2026-06-23/ECO_HYBRID/Model6Closed_Snow_aSrz_SIMHYD_Simple_full671_ep80_iter200,false,7812659
/home/mircore/Desktop/diff_hydro/ECO_HYBRID/Model6_CAMELSIND_PETOnly_AttrMax_smoke,moved_to_nas,ECO_HYBRID experiment/code/results not retained in clean repo,/mnt/nas/home_aman/Projects/WRR_repo_archive_2026-06-23/ECO_HYBRID/Model6_CAMELSIND_PETOnly_AttrMax_smoke,false,750767
/home/mircore/Desktop/diff_hydro/ECO_HYBRID/Model6_CAMELSIND_PETOnly_AttrMax_train1,moved_to_nas,ECO_HYBRID experiment/code/results not retained in clean repo,/mnt/nas/home_aman/Projects/WRR_repo_archive_2026-06-23/ECO_HYBRID/Model6_CAMELSIND_PETOnly_AttrMax_train1,false,4295365
/home/mircore/Desktop/diff_hydro/ECO_HYBRID/Model6_LSTMParam_RnLAIET_DynamicK_32basins_report.md,moved_to_nas,ECO_HYBRID experiment/code/results not retained in clean repo,/mnt/nas/home_aman/Projects/WRR_repo_archive_2026-06-23/ECO_HYBRID/Model6_LSTMParam_RnLAIET_DynamicK_32basins_report.md,false,5464
/home/mircore/Desktop/diff_hydro/ECO_HYBRID/Model6_RohiniExact_aSrz_full671,moved_to_nas,ECO_HYBRID experiment/code/results not retained in clean repo,/mnt/nas/home_aman/Projects/WRR_repo_archive_2026-06-23/ECO_HYBRID/Model6_RohiniExact_aSrz_full671,false,18437702
/home/mircore/Desktop/diff_hydro/ECO_HYBRID/Model6_SIMHYD_RohiniET_aSrz_full671,moved_to_nas,ECO_HYBRID experiment/code/results not retained in clean repo,/mnt/nas/home_aman/Projects/WRR_repo_archive_2026-06-23/ECO_HYBRID/Model6_SIMHYD_RohiniET_aSrz_full671,false,408990655
/home/mircore/Desktop/diff_hydro/ECO_HYBRID/Model6_SIMHYD_RohiniET_aSrz_full671_recoverA,moved_to_nas,ECO_HYBRID experiment/code/results not retained in clean repo,/mnt/nas/home_aman/Projects/WRR_repo_archive_2026-06-23/ECO_HYBRID/Model6_SIMHYD_RohiniET_aSrz_full671_recoverA,false,18942933
/home/mircore/Desktop/diff_hydro/ECO_HYBRID/Model6_SIMHYD_RohiniET_aSrz_full671_recoverB,moved_to_nas,ECO_HYBRID experiment/code/results not retained in clean repo,/mnt/nas/home_aman/Projects/WRR_repo_archive_2026-06-23/ECO_HYBRID/Model6_SIMHYD_RohiniET_aSrz_full671_recoverB,false,18942073
/home/mircore/Desktop/diff_hydro/ECO_HYBRID/Model6_SIMHYD_RohiniET_aSrz_full671_recoverC,moved_to_nas,ECO_HYBRID experiment/code/results not retained in clean repo,/mnt/nas/home_aman/Projects/WRR_repo_archive_2026-06-23/ECO_HYBRID/Model6_SIMHYD_RohiniET_aSrz_full671_recoverC,false,18826073
/home/mircore/Desktop/diff_hydro/ECO_HYBRID/Model6_SIMHYD_RohiniET_aSrz_full671_recoverD,moved_to_nas,ECO_HYBRID experiment/code/results not retained in clean repo,/mnt/nas/home_aman/Projects/WRR_repo_archive_2026-06-23/ECO_HYBRID/Model6_SIMHYD_RohiniET_aSrz_full671_recoverD,false,18875660
/home/mircore/Desktop/diff_hydro/ECO_HYBRID/Model6_SIMHYD_RohiniET_aSrz_full671_recoverE,moved_to_nas,ECO_HYBRID experiment/code/results not retained in clean repo,/mnt/nas/home_aman/Projects/WRR_repo_archive_2026-06-23/ECO_HYBRID/Model6_SIMHYD_RohiniET_aSrz_full671_recoverE,false,18934789
/home/mircore/Desktop/diff_hydro/ECO_HYBRID/Model6_SIMHYD_RohiniET_aSrz_full671_recoverF,moved_to_nas,ECO_HYBRID experiment/code/results not retained in clean repo,/mnt/nas/home_aman/Projects/WRR_repo_archive_2026-06-23/ECO_HYBRID/Model6_SIMHYD_RohiniET_aSrz_full671_recoverF,false,19088949
/home/mircore/Desktop/diff_hydro/ECO_HYBRID/Model6_SIMHYD_RohiniET_aSrz_full671_recoverG_rootdrain,moved_to_nas,ECO_HYBRID experiment/code/results not retained in clean repo,/mnt/nas/home_aman/Projects/WRR_repo_archive_2026-06-23/ECO_HYBRID/Model6_SIMHYD_RohiniET_aSrz_full671_recoverG_rootdrain,false,19071431
/home/mircore/Desktop/diff_hydro/ECO_HYBRID/Model6_SIMHYD_RohiniET_aSrz_full671_recoverH_uzdelay,moved_to_nas,ECO_HYBRID experiment/code/results not retained in clean repo,/mnt/nas/home_aman/Projects/WRR_repo_archive_2026-06-23/ECO_HYBRID/Model6_SIMHYD_RohiniET_aSrz_full671_recoverH_uzdelay,false,19063731
/home/mircore/Desktop/diff_hydro/ECO_HYBRID/Model6_SIMHYD_RohiniET_aSrz_full671_recoverI_combo,moved_to_nas,ECO_HYBRID experiment/code/results not retained in clean repo,/mnt/nas/home_aman/Projects/WRR_repo_archive_2026-06-23/ECO_HYBRID/Model6_SIMHYD_RohiniET_aSrz_full671_recoverI_combo,false,19119343
/home/mircore/Desktop/diff_hydro/ECO_HYBRID/Model6_SIMHYD_RohiniET_aSrz_full671_recoverI_combo_full671,moved_to_nas,ECO_HYBRID experiment/code/results not retained in clean repo,/mnt/nas/home_aman/Projects/WRR_repo_archive_2026-06-23/ECO_HYBRID/Model6_SIMHYD_RohiniET_aSrz_full671_recoverI_combo_full671,false,391237495
/home/mircore/Desktop/diff_hydro/ECO_HYBRID/Model6_SIMHYD_RohiniET_aSrz_full671_recoverI_combo_full671_cont1,moved_to_nas,ECO_HYBRID experiment/code/results not retained in clean repo,/mnt/nas/home_aman/Projects/WRR_repo_archive_2026-06-23/ECO_HYBRID/Model6_SIMHYD_RohiniET_aSrz_full671_recoverI_combo_full671_cont1,false,389642043
/home/mircore/Desktop/diff_hydro/ECO_HYBRID/Model6_SIMHYD_RohiniET_aSrz_full671_recoverI_combo_full671_cont2,moved_to_nas,ECO_HYBRID experiment/code/results not retained in clean repo,/mnt/nas/home_aman/Projects/WRR_repo_archive_2026-06-23/ECO_HYBRID/Model6_SIMHYD_RohiniET_aSrz_full671_recoverI_combo_full671_cont2,false,389827325
/home/mircore/Desktop/diff_hydro/ECO_HYBRID/Model6_SIMHYD_RohiniET_aSrz_full671_recoverI_combo_full671_cont3,moved_to_nas,ECO_HYBRID experiment/code/results not retained in clean repo,/mnt/nas/home_aman/Projects/WRR_repo_archive_2026-06-23/ECO_HYBRID/Model6_SIMHYD_RohiniET_aSrz_full671_recoverI_combo_full671_cont3,false,389909407
/home/mircore/Desktop/diff_hydro/ECO_HYBRID/Model6_SIMHYD_RohiniET_aSrz_full671_recoverJ_smoothg,moved_to_nas,ECO_HYBRID experiment/code/results not retained in clean repo,/mnt/nas/home_aman/Projects/WRR_repo_archive_2026-06-23/ECO_HYBRID/Model6_SIMHYD_RohiniET_aSrz_full671_recoverJ_smoothg,false,19158940
/home/mircore/Desktop/diff_hydro/ECO_HYBRID/Model6_SIMHYD_RohiniET_aSrz_full671_recoverJ_smoothg_full671,moved_to_nas,ECO_HYBRID experiment/code/results not retained in clean repo,/mnt/nas/home_aman/Projects/WRR_repo_archive_2026-06-23/ECO_HYBRID/Model6_SIMHYD_RohiniET_aSrz_full671_recoverJ_smoothg_full671,false,389446286
/home/mircore/Desktop/diff_hydro/ECO_HYBRID/NOAA_LAI_CDR_671,moved_to_nas,ECO_HYBRID experiment/code/results not retained in clean repo,/mnt/nas/home_aman/Projects/WRR_repo_archive_2026-06-23/ECO_HYBRID/NOAA_LAI_CDR_671,false,4443021
/home/mircore/Desktop/diff_hydro/ECO_HYBRID/NOAA_LAI_CDR_671_DAILY,retained_raw_data,gap-filled LAI training input retained locally,,false,1555387670
/home/mircore/Desktop/diff_hydro/ECO_HYBRID/PUBLICATION_MODEL6_ROHINI_REPLICATION,moved_to_nas,ECO_HYBRID experiment/code/results not retained in clean repo,/mnt/nas/home_aman/Projects/WRR_repo_archive_2026-06-23/ECO_HYBRID/PUBLICATION_MODEL6_ROHINI_REPLICATION,false,200546625
/home/mircore/Desktop/diff_hydro/ECO_HYBRID/README_ECOHBV_aSrz_HBV11b.md,moved_to_nas,ECO_HYBRID experiment/code/results not retained in clean repo,/mnt/nas/home_aman/Projects/WRR_repo_archive_2026-06-23/ECO_HYBRID/README_ECOHBV_aSrz_HBV11b.md,false,3069
/home/mircore/Desktop/diff_hydro/ECO_HYBRID/__pycache__,moved_to_nas,ECO_HYBRID experiment/code/results not retained in clean repo,/mnt/nas/home_aman/Projects/WRR_repo_archive_2026-06-23/ECO_HYBRID/__pycache__,false,336700
/home/mircore/Desktop/diff_hydro/ECO_HYBRID/analyze_bfi_validation_ep80.py,moved_to_nas,ECO_HYBRID experiment/code/results not retained in clean repo,/mnt/nas/home_aman/Projects/WRR_repo_archive_2026-06-23/ECO_HYBRID/analyze_bfi_validation_ep80.py,false,9539
/home/mircore/Desktop/diff_hydro/ECO_HYBRID/analyze_esacci_sm_validation_ep80.py,moved_to_nas,ECO_HYBRID experiment/code/results not retained in clean repo,/mnt/nas/home_aman/Projects/WRR_repo_archive_2026-06-23/ECO_HYBRID/analyze_esacci_sm_validation_ep80.py,false,23198
/home/mircore/Desktop/diff_hydro/ECO_HYBRID/analyze_grace_fluxcom_validation_ep100.py,moved_to_nas,ECO_HYBRID experiment/code/results not retained in clean repo,/mnt/nas/home_aman/Projects/WRR_repo_archive_2026-06-23/ECO_HYBRID/analyze_grace_fluxcom_validation_ep100.py,false,13809
/home/mircore/Desktop/diff_hydro/ECO_HYBRID/analyze_grace_fluxcom_validation_ep100_fast.py,moved_to_nas,ECO_HYBRID experiment/code/results not retained in clean repo,/mnt/nas/home_aman/Projects/WRR_repo_archive_2026-06-23/ECO_HYBRID/analyze_grace_fluxcom_validation_ep100_fast.py,false,15272
/home/mircore/Desktop/diff_hydro/ECO_HYBRID/build_esacci_download_list.py,moved_to_nas,ECO_HYBRID experiment/code/results not retained in clean repo,/mnt/nas/home_aman/Projects/WRR_repo_archive_2026-06-23/ECO_HYBRID/build_esacci_download_list.py,false,1372
/home/mircore/Desktop/diff_hydro/ECO_HYBRID/build_figure5_and_subset_comparison.py,moved_to_nas,ECO_HYBRID experiment/code/results not retained in clean repo,/mnt/nas/home_aman/Projects/WRR_repo_archive_2026-06-23/ECO_HYBRID/build_figure5_and_subset_comparison.py,false,36414
/home/mircore/Desktop/diff_hydro/ECO_HYBRID/build_gapfilled_lai_dataset_rf.py,moved_to_nas,ECO_HYBRID experiment/code/results not retained in clean repo,/mnt/nas/home_aman/Projects/WRR_repo_archive_2026-06-23/ECO_HYBRID/build_gapfilled_lai_dataset_rf.py,false,14875
/home/mircore/Desktop/diff_hydro/ECO_HYBRID/build_publication_model6_rohini_replication.py,moved_to_nas,ECO_HYBRID experiment/code/results not retained in clean repo,/mnt/nas/home_aman/Projects/WRR_repo_archive_2026-06-23/ECO_HYBRID/build_publication_model6_rohini_replication.py,false,76334
/home/mircore/Desktop/diff_hydro/ECO_HYBRID/compare_Model6_LAIEco_vs_Model6_SIMHYD_RohiniET_full671.csv,moved_to_nas,ECO_HYBRID experiment/code/results not retained in clean repo,/mnt/nas/home_aman/Projects/WRR_repo_archive_2026-06-23/ECO_HYBRID/compare_Model6_LAIEco_vs_Model6_SIMHYD_RohiniET_full671.csv,false,2206
/home/mircore/Desktop/diff_hydro/ECO_HYBRID/compare_Model6_SIMHYD_RohiniET_aSrz_full671_recoverI_combo_full671.csv,moved_to_nas,ECO_HYBRID experiment/code/results not retained in clean repo,/mnt/nas/home_aman/Projects/WRR_repo_archive_2026-06-23/ECO_HYBRID/compare_Model6_SIMHYD_RohiniET_aSrz_full671_recoverI_combo_full671.csv,false,2544
/home/mircore/Desktop/diff_hydro/ECO_HYBRID/compare_Model6_SIMHYD_RohiniET_aSrz_full671_recoverI_combo_full671_cont1.csv,moved_to_nas,ECO_HYBRID experiment/code/results not retained in clean repo,/mnt/nas/home_aman/Projects/WRR_repo_archive_2026-06-23/ECO_HYBRID/compare_Model6_SIMHYD_RohiniET_aSrz_full671_recoverI_combo_full671_cont1.csv,false,2538
/home/mircore/Desktop/diff_hydro/ECO_HYBRID/compare_Model6_SIMHYD_RohiniET_aSrz_full671_recoverI_combo_full671_cont2.csv,moved_to_nas,ECO_HYBRID experiment/code/results not retained in clean repo,/mnt/nas/home_aman/Projects/WRR_repo_archive_2026-06-23/ECO_HYBRID/compare_Model6_SIMHYD_RohiniET_aSrz_full671_recoverI_combo_full671_cont2.csv,false,2540
/home/mircore/Desktop/diff_hydro/ECO_HYBRID/compare_Model6_SIMHYD_RohiniET_aSrz_full671_recoverI_combo_full671_cont3.csv,moved_to_nas,ECO_HYBRID experiment/code/results not retained in clean repo,/mnt/nas/home_aman/Projects/WRR_repo_archive_2026-06-23/ECO_HYBRID/compare_Model6_SIMHYD_RohiniET_aSrz_full671_recoverI_combo_full671_cont3.csv,false,2549
/home/mircore/Desktop/diff_hydro/ECO_HYBRID/compare_Model6_SIMHYD_RohiniET_aSrz_full671_recoverJ_smoothg_full671.csv,moved_to_nas,ECO_HYBRID experiment/code/results not retained in clean repo,/mnt/nas/home_aman/Projects/WRR_repo_archive_2026-06-23/ECO_HYBRID/compare_Model6_SIMHYD_RohiniET_aSrz_full671_recoverJ_smoothg_full671.csv,false,2578
/home/mircore/Desktop/diff_hydro/ECO_HYBRID/compare_model6_lstmparam_rnlaiet_dynamick_32basins.csv,moved_to_nas,ECO_HYBRID experiment/code/results not retained in clean repo,/mnt/nas/home_aman/Projects/WRR_repo_archive_2026-06-23/ECO_HYBRID/compare_model6_lstmparam_rnlaiet_dynamick_32basins.csv,false,3401
/home/mircore/Desktop/diff_hydro/ECO_HYBRID/distributed_us,moved_to_nas,ECO_HYBRID experiment/code/results not retained in clean repo,/mnt/nas/home_aman/Projects/WRR_repo_archive_2026-06-23/ECO_HYBRID/distributed_us,false,299729
/home/mircore/Desktop/diff_hydro/ECO_HYBRID/download_esacci_combined_v081.py,moved_to_nas,ECO_HYBRID experiment/code/results not retained in clean repo,/mnt/nas/home_aman/Projects/WRR_repo_archive_2026-06-23/ECO_HYBRID/download_esacci_combined_v081.py,false,3797
/home/mircore/Desktop/diff_hydro/ECO_HYBRID/download_fluxcom_xbase_et.py,moved_to_nas,ECO_HYBRID experiment/code/results not retained in clean repo,/mnt/nas/home_aman/Projects/WRR_repo_archive_2026-06-23/ECO_HYBRID/download_fluxcom_xbase_et.py,false,4712
/home/mircore/Desktop/diff_hydro/ECO_HYBRID/download_noaa_fapar_cdr_daily_basin671.py,moved_to_nas,ECO_HYBRID experiment/code/results not retained in clean repo,/mnt/nas/home_aman/Projects/WRR_repo_archive_2026-06-23/ECO_HYBRID/download_noaa_fapar_cdr_daily_basin671.py,false,11156
/home/mircore/Desktop/diff_hydro/ECO_HYBRID/download_noaa_lai_cdr_basin671.py,moved_to_nas,ECO_HYBRID experiment/code/results not retained in clean repo,/mnt/nas/home_aman/Projects/WRR_repo_archive_2026-06-23/ECO_HYBRID/download_noaa_lai_cdr_basin671.py,false,9082
/home/mircore/Desktop/diff_hydro/ECO_HYBRID/download_noaa_lai_cdr_daily_basin671.py,moved_to_nas,ECO_HYBRID experiment/code/results not retained in clean repo,/mnt/nas/home_aman/Projects/WRR_repo_archive_2026-06-23/ECO_HYBRID/download_noaa_lai_cdr_daily_basin671.py,false,11138
/home/mircore/Desktop/diff_hydro/ECO_HYBRID/ecohbv_data,moved_to_nas,ECO_HYBRID experiment/code/results not retained in clean repo,/mnt/nas/home_aman/Projects/WRR_repo_archive_2026-06-23/ECO_HYBRID/ecohbv_data,false,54530
/home/mircore/Desktop/diff_hydro/ECO_HYBRID/ecohbv_data_manifest.yaml,moved_to_nas,ECO_HYBRID experiment/code/results not retained in clean repo,/mnt/nas/home_aman/Projects/WRR_repo_archive_2026-06-23/ECO_HYBRID/ecohbv_data_manifest.yaml,false,6806
/home/mircore/Desktop/diff_hydro/ECO_HYBRID/evaluate_recoverI_subsets.py,moved_to_nas,ECO_HYBRID experiment/code/results not retained in clean repo,/mnt/nas/home_aman/Projects/WRR_repo_archive_2026-06-23/ECO_HYBRID/evaluate_recoverI_subsets.py,false,9851
/home/mircore/Desktop/diff_hydro/ECO_HYBRID/experiments,moved_to_nas,ECO_HYBRID experiment/code/results not retained in clean repo,/mnt/nas/home_aman/Projects/WRR_repo_archive_2026-06-23/ECO_HYBRID/experiments,false,15362898834
/home/mircore/Desktop/diff_hydro/ECO_HYBRID/figure5_rohini_recreation,moved_to_nas,ECO_HYBRID experiment/code/results not retained in clean repo,/mnt/nas/home_aman/Projects/WRR_repo_archive_2026-06-23/ECO_HYBRID/figure5_rohini_recreation,false,5279935
/home/mircore/Desktop/diff_hydro/ECO_HYBRID/logs,moved_to_nas,ECO_HYBRID experiment/code/results not retained in clean repo,/mnt/nas/home_aman/Projects/WRR_repo_archive_2026-06-23/ECO_HYBRID/logs,false,28184
/home/mircore/Desktop/diff_hydro/ECO_HYBRID/make_asrz_comparison_figure.py,moved_to_nas,ECO_HYBRID experiment/code/results not retained in clean repo,/mnt/nas/home_aman/Projects/WRR_repo_archive_2026-06-23/ECO_HYBRID/make_asrz_comparison_figure.py,false,4920
/home/mircore/Desktop/diff_hydro/ECO_HYBRID/make_asrz_full671_figure.py,moved_to_nas,ECO_HYBRID experiment/code/results not retained in clean repo,/mnt/nas/home_aman/Projects/WRR_repo_archive_2026-06-23/ECO_HYBRID/make_asrz_full671_figure.py,false,4899
/home/mircore/Desktop/diff_hydro/ECO_HYBRID/make_closed_simple_full671_figure.py,moved_to_nas,ECO_HYBRID experiment/code/results not retained in clean repo,/mnt/nas/home_aman/Projects/WRR_repo_archive_2026-06-23/ECO_HYBRID/make_closed_simple_full671_figure.py,false,7838
/home/mircore/Desktop/diff_hydro/ECO_HYBRID/make_figure_ab_et_runoff.py,moved_to_nas,ECO_HYBRID experiment/code/results not retained in clean repo,/mnt/nas/home_aman/Projects/WRR_repo_archive_2026-06-23/ECO_HYBRID/make_figure_ab_et_runoff.py,false,6914
/home/mircore/Desktop/diff_hydro/ECO_HYBRID/model6_laieco_lstm_only.py,moved_to_nas,ECO_HYBRID experiment/code/results not retained in clean repo,/mnt/nas/home_aman/Projects/WRR_repo_archive_2026-06-23/ECO_HYBRID/model6_laieco_lstm_only.py,false,22459
/home/mircore/Desktop/diff_hydro/ECO_HYBRID/model6_lstmparam_rnlaiet_dynamick.py,moved_to_nas,ECO_HYBRID experiment/code/results not retained in clean repo,/mnt/nas/home_aman/Projects/WRR_repo_archive_2026-06-23/ECO_HYBRID/model6_lstmparam_rnlaiet_dynamick.py,false,26941
/home/mircore/Desktop/diff_hydro/ECO_HYBRID/model6_rohini_exact_asrz.py,moved_to_nas,ECO_HYBRID experiment/code/results not retained in clean repo,/mnt/nas/home_aman/Projects/WRR_repo_archive_2026-06-23/ECO_HYBRID/model6_rohini_exact_asrz.py,false,25534
/home/mircore/Desktop/diff_hydro/ECO_HYBRID/model6_simhyd_rohiniet_asrz.py,moved_to_nas,ECO_HYBRID experiment/code/results not retained in clean repo,/mnt/nas/home_aman/Projects/WRR_repo_archive_2026-06-23/ECO_HYBRID/model6_simhyd_rohiniet_asrz.py,false,38241
/home/mircore/Desktop/diff_hydro/ECO_HYBRID/outputs,moved_to_nas,ECO_HYBRID experiment/code/results not retained in clean repo,/mnt/nas/home_aman/Projects/WRR_repo_archive_2026-06-23/ECO_HYBRID/outputs,false,0
/home/mircore/Desktop/diff_hydro/ECO_HYBRID/run_ecohbv_asrz_hbv11b_demo32_fixed.py,moved_to_nas,ECO_HYBRID experiment/code/results not retained in clean repo,/mnt/nas/home_aman/Projects/WRR_repo_archive_2026-06-23/ECO_HYBRID/run_ecohbv_asrz_hbv11b_demo32_fixed.py,false,27636
/home/mircore/Desktop/diff_hydro/ECO_HYBRID/run_model6_camelsind_petonly.py,moved_to_nas,ECO_HYBRID experiment/code/results not retained in clean repo,/mnt/nas/home_aman/Projects/WRR_repo_archive_2026-06-23/ECO_HYBRID/run_model6_camelsind_petonly.py,false,45984
/home/mircore/Desktop/diff_hydro/ECO_HYBRID/run_model6_closed_snow_asrz_simhyd_simple_demo32.py,moved_to_nas,ECO_HYBRID experiment/code/results not retained in clean repo,/mnt/nas/home_aman/Projects/WRR_repo_archive_2026-06-23/ECO_HYBRID/run_model6_closed_snow_asrz_simhyd_simple_demo32.py,false,28053
/home/mircore/Desktop/diff_hydro/ECO_HYBRID/run_model6_closed_snow_asrz_simhyd_simple_full671.py,moved_to_nas,ECO_HYBRID experiment/code/results not retained in clean repo,/mnt/nas/home_aman/Projects/WRR_repo_archive_2026-06-23/ECO_HYBRID/run_model6_closed_snow_asrz_simhyd_simple_full671.py,false,20522
/home/mircore/Desktop/diff_hydro/ECO_HYBRID/run_model6_closed_snow_asrz_simhyd_simple_hbv11snow_compare32.py,moved_to_nas,ECO_HYBRID experiment/code/results not retained in clean repo,/mnt/nas/home_aman/Projects/WRR_repo_archive_2026-06-23/ECO_HYBRID/run_model6_closed_snow_asrz_simhyd_simple_hbv11snow_compare32.py,false,4075
/home/mircore/Desktop/diff_hydro/ECO_HYBRID/run_model6_closed_snow_asrz_simhyd_simple_hbv11snow_demo32.py,moved_to_nas,ECO_HYBRID experiment/code/results not retained in clean repo,/mnt/nas/home_aman/Projects/WRR_repo_archive_2026-06-23/ECO_HYBRID/run_model6_closed_snow_asrz_simhyd_simple_hbv11snow_demo32.py,false,2421
/home/mircore/Desktop/diff_hydro/ECO_HYBRID/run_model6_closed_snow_asrz_simhyd_simple_laieco_full671.py,moved_to_nas,ECO_HYBRID experiment/code/results not retained in clean repo,/mnt/nas/home_aman/Projects/WRR_repo_archive_2026-06-23/ECO_HYBRID/run_model6_closed_snow_asrz_simhyd_simple_laieco_full671.py,false,37618
/home/mircore/Desktop/diff_hydro/ECO_HYBRID/run_model6_laieco_lstm_only_demo32.py,moved_to_nas,ECO_HYBRID experiment/code/results not retained in clean repo,/mnt/nas/home_aman/Projects/WRR_repo_archive_2026-06-23/ECO_HYBRID/run_model6_laieco_lstm_only_demo32.py,false,18593
/home/mircore/Desktop/diff_hydro/ECO_HYBRID/run_model6_lstmparam_petlai_full671.py,moved_to_nas,ECO_HYBRID experiment/code/results not retained in clean repo,/mnt/nas/home_aman/Projects/WRR_repo_archive_2026-06-23/ECO_HYBRID/run_model6_lstmparam_petlai_full671.py,false,26050
/home/mircore/Desktop/diff_hydro/ECO_HYBRID/run_model6_lstmparam_rnlaiet_dynamick_32basins.py,moved_to_nas,ECO_HYBRID experiment/code/results not retained in clean repo,/mnt/nas/home_aman/Projects/WRR_repo_archive_2026-06-23/ECO_HYBRID/run_model6_lstmparam_rnlaiet_dynamick_32basins.py,false,58898
/home/mircore/Desktop/diff_hydro/ECO_HYBRID/run_model6_rohini_exact_asrz_32basins_smoke.py,moved_to_nas,ECO_HYBRID experiment/code/results not retained in clean repo,/mnt/nas/home_aman/Projects/WRR_repo_archive_2026-06-23/ECO_HYBRID/run_model6_rohini_exact_asrz_32basins_smoke.py,false,696
/home/mircore/Desktop/diff_hydro/ECO_HYBRID/run_model6_rohini_exact_asrz_full671.py,moved_to_nas,ECO_HYBRID experiment/code/results not retained in clean repo,/mnt/nas/home_aman/Projects/WRR_repo_archive_2026-06-23/ECO_HYBRID/run_model6_rohini_exact_asrz_full671.py,false,62035
/home/mircore/Desktop/diff_hydro/ECO_HYBRID/run_model6_simhyd_rohiniet_asrz_32basins.py,moved_to_nas,ECO_HYBRID experiment/code/results not retained in clean repo,/mnt/nas/home_aman/Projects/WRR_repo_archive_2026-06-23/ECO_HYBRID/run_model6_simhyd_rohiniet_asrz_32basins.py,false,417
/home/mircore/Desktop/diff_hydro/ECO_HYBRID/run_model6_simhyd_rohiniet_asrz_full671.py,moved_to_nas,ECO_HYBRID experiment/code/results not retained in clean repo,/mnt/nas/home_aman/Projects/WRR_repo_archive_2026-06-23/ECO_HYBRID/run_model6_simhyd_rohiniet_asrz_full671.py,false,43465
/home/mircore/Desktop/diff_hydro/ECO_HYBRID/start_independent_validation_downloads.sh,moved_to_nas,ECO_HYBRID experiment/code/results not retained in clean repo,/mnt/nas/home_aman/Projects/WRR_repo_archive_2026-06-23/ECO_HYBRID/start_independent_validation_downloads.sh,false,2961
/home/mircore/Desktop/diff_hydro/outputs/Diagnosis_ModelLowNSE_AridSlowGW,moved_to_nas,outputs content not retained locally in clean package,/mnt/nas/home_aman/Projects/WRR_repo_archive_2026-06-23/outputs/Diagnosis_ModelLowNSE_AridSlowGW,false,4283624
/home/mircore/Desktop/diff_hydro/outputs/Diagnosis_ModelSix_Ep30,moved_to_nas,outputs content not retained locally in clean package,/mnt/nas/home_aman/Projects/WRR_repo_archive_2026-06-23/outputs/Diagnosis_ModelSix_Ep30,false,839852948
/home/mircore/Desktop/diff_hydro/outputs/Diagnosis_ModelSix_PoorArid_Finetune,moved_to_nas,outputs content not retained locally in clean package,/mnt/nas/home_aman/Projects/WRR_repo_archive_2026-06-23/outputs/Diagnosis_ModelSix_PoorArid_Finetune,false,973
/home/mircore/Desktop/diff_hydro/outputs/IndependentValidationDownloads,retained_raw_data,independent ET/SM validation downloads retained locally,,false,106207658926
/home/mircore/Desktop/diff_hydro/outputs/Model6_AridConnectivity_AridOnly,moved_to_nas,outputs content not retained locally in clean package,/mnt/nas/home_aman/Projects/WRR_repo_archive_2026-06-23/outputs/Model6_AridConnectivity_AridOnly,false,2647929
/home/mircore/Desktop/diff_hydro/outputs/Model6_Epoch30_PhysicalAudit,moved_to_nas,outputs content not retained locally in clean package,/mnt/nas/home_aman/Projects/WRR_repo_archive_2026-06-23/outputs/Model6_Epoch30_PhysicalAudit,false,5307286
/home/mircore/Desktop/diff_hydro/outputs/Model6_ExternalValidation,moved_to_nas,outputs content not retained locally in clean package,/mnt/nas/home_aman/Projects/WRR_repo_archive_2026-06-23/outputs/Model6_ExternalValidation,false,8399068039
/home/mircore/Desktop/diff_hydro/outputs/Model6_GlobalPipeline_Audit,moved_to_nas,outputs content not retained locally in clean package,/mnt/nas/home_aman/Projects/WRR_repo_archive_2026-06-23/outputs/Model6_GlobalPipeline_Audit,false,2935262
/home/mircore/Desktop/diff_hydro/outputs/Model6_ZeroShot_LocalNonCONUS,moved_to_nas,outputs content not retained locally in clean package,/mnt/nas/home_aman/Projects/WRR_repo_archive_2026-06-23/outputs/Model6_ZeroShot_LocalNonCONUS,false,790182
/home/mircore/Desktop/diff_hydro/outputs/ModelLowNSE_AridPulse_PoorArid,moved_to_nas,outputs content not retained locally in clean package,/mnt/nas/home_aman/Projects/WRR_repo_archive_2026-06-23/outputs/ModelLowNSE_AridPulse_PoorArid,false,425701
/home/mircore/Desktop/diff_hydro/outputs/ModelLowNSE_AridSlowGW_PoorArid,moved_to_nas,outputs content not retained locally in clean package,/mnt/nas/home_aman/Projects/WRR_repo_archive_2026-06-23/outputs/ModelLowNSE_AridSlowGW_PoorArid,false,565575
/home/mircore/Desktop/diff_hydro/outputs/cache_conus_nonconus_india_modelsix,moved_to_nas,outputs content not retained locally in clean package,/mnt/nas/home_aman/Projects/WRR_repo_archive_2026-06-23/outputs/cache_conus_nonconus_india_modelsix,false,1449801090
/home/mircore/Desktop/diff_hydro/outputs/cache_logs,moved_to_nas,outputs content not retained locally in clean package,/mnt/nas/home_aman/Projects/WRR_repo_archive_2026-06-23/outputs/cache_logs,false,758
/home/mircore/Desktop/diff_hydro/outputs/cache_nonconus_india_modelsix,moved_to_nas,outputs content not retained locally in clean package,/mnt/nas/home_aman/Projects/WRR_repo_archive_2026-06-23/outputs/cache_nonconus_india_modelsix,false,1164839131
/home/mircore/Desktop/diff_hydro/outputs/camels_full_intermittency_classification.csv,moved_to_nas,outputs content not retained locally in clean package,/mnt/nas/home_aman/Projects/WRR_repo_archive_2026-06-23/outputs/camels_full_intermittency_classification.csv,false,88633
/home/mircore/Desktop/diff_hydro/outputs/caravan_global_cache_dir_usable5851,moved_to_nas,outputs content not retained locally in clean package,/mnt/nas/home_aman/Projects/WRR_repo_archive_2026-06-23/outputs/caravan_global_cache_dir_usable5851,false,2569498225
/home/mircore/Desktop/diff_hydro/outputs/caravan_global_cache_usable5851.npz,moved_to_nas,outputs content not retained locally in clean package,/mnt/nas/home_aman/Projects/WRR_repo_archive_2026-06-23/outputs/caravan_global_cache_usable5851.npz,false,1084871468
/home/mircore/Desktop/diff_hydro/outputs/caravan_global_subset_pilot448.json,moved_to_nas,outputs content not retained locally in clean package,/mnt/nas/home_aman/Projects/WRR_repo_archive_2026-06-23/outputs/caravan_global_subset_pilot448.json,false,10664
/home/mircore/Desktop/diff_hydro/outputs/caravan_global_train_safe.log,moved_to_nas,outputs content not retained locally in clean package,/mnt/nas/home_aman/Projects/WRR_repo_archive_2026-06-23/outputs/caravan_global_train_safe.log,false,0
/home/mircore/Desktop/diff_hydro/outputs/caravan_global_usable_basins.json,moved_to_nas,outputs content not retained locally in clean package,/mnt/nas/home_aman/Projects/WRR_repo_archive_2026-06-23/outputs/caravan_global_usable_basins.json,false,133906
/home/mircore/Desktop/diff_hydro/outputs/experiment_inventory,moved_to_nas,outputs content not retained locally in clean package,/mnt/nas/home_aman/Projects/WRR_repo_archive_2026-06-23/outputs/experiment_inventory,false,23060
/home/mircore/Desktop/diff_hydro/outputs/global_dataset_inventory,moved_to_nas,outputs content not retained locally in clean package,/mnt/nas/home_aman/Projects/WRR_repo_archive_2026-06-23/outputs/global_dataset_inventory,false,2034
/home/mircore/Desktop/diff_hydro/outputs/intermittency_64basins_train.csv,moved_to_nas,outputs content not retained locally in clean package,/mnt/nas/home_aman/Projects/WRR_repo_archive_2026-06-23/outputs/intermittency_64basins_train.csv,false,8734
/home/mircore/Desktop/diff_hydro/outputs/mixed_sub64_gt5zero_42per_22int_summary.csv,moved_to_nas,outputs content not retained locally in clean package,/mnt/nas/home_aman/Projects/WRR_repo_archive_2026-06-23/outputs/mixed_sub64_gt5zero_42per_22int_summary.csv,false,9304
/home/mircore/Desktop/diff_hydro/outputs/model7,moved_to_nas,outputs content not retained locally in clean package,/mnt/nas/home_aman/Projects/WRR_repo_archive_2026-06-23/outputs/model7,false,9530862
/home/mircore/Desktop/diff_hydro/outputs/plots_all671_hbv_ep10,moved_to_nas,outputs content not retained locally in clean package,/mnt/nas/home_aman/Projects/WRR_repo_archive_2026-06-23/outputs/plots_all671_hbv_ep10,false,171256
/home/mircore/Desktop/diff_hydro/outputs/report_dynamicsimhyd_vs_hbv_ep10,moved_to_nas,outputs content not retained locally in clean package,/mnt/nas/home_aman/Projects/WRR_repo_archive_2026-06-23/outputs/report_dynamicsimhyd_vs_hbv_ep10,false,2186638
/home/mircore/Desktop/diff_hydro/outputs/report_dynamicsimhyd_vs_hbv_ep5,moved_to_nas,outputs content not retained locally in clean package,/mnt/nas/home_aman/Projects/WRR_repo_archive_2026-06-23/outputs/report_dynamicsimhyd_vs_hbv_ep5,false,2181994
/home/mircore/Desktop/diff_hydro/outputs/report_model_five_vs_hbv_detailed_ep10,moved_to_nas,outputs content not retained locally in clean package,/mnt/nas/home_aman/Projects/WRR_repo_archive_2026-06-23/outputs/report_model_five_vs_hbv_detailed_ep10,false,1902314
/home/mircore/Desktop/diff_hydro/outputs/report_model_five_vs_hbv_ep10,moved_to_nas,outputs content not retained locally in clean package,/mnt/nas/home_aman/Projects/WRR_repo_archive_2026-06-23/outputs/report_model_five_vs_hbv_ep10,false,1795884
/home/mircore/Desktop/diff_hydro/outputs/report_model_five_vs_hbv_smoke,moved_to_nas,outputs content not retained locally in clean package,/mnt/nas/home_aman/Projects/WRR_repo_archive_2026-06-23/outputs/report_model_five_vs_hbv_smoke,false,432528
/home/mircore/Desktop/diff_hydro/outputs/report_model_six_vs_hbv_ep20,moved_to_nas,outputs content not retained locally in clean package,/mnt/nas/home_aman/Projects/WRR_repo_archive_2026-06-23/outputs/report_model_six_vs_hbv_ep20,false,1795329
/home/mircore/Desktop/diff_hydro/outputs/report_model_six_vs_hbv_ep5,moved_to_nas,outputs content not retained locally in clean package,/mnt/nas/home_aman/Projects/WRR_repo_archive_2026-06-23/outputs/report_model_six_vs_hbv_ep5,false,1765190
/home/mircore/Desktop/diff_hydro/outputs/report_model_sixv2_vs_hbv_ep10,moved_to_nas,outputs content not retained locally in clean package,/mnt/nas/home_aman/Projects/WRR_repo_archive_2026-06-23/outputs/report_model_sixv2_vs_hbv_ep10,false,1801172
/home/mircore/Desktop/diff_hydro/outputs/report_model_sixv2_vs_hbv_smoke,moved_to_nas,outputs content not retained locally in clean package,/mnt/nas/home_aman/Projects/WRR_repo_archive_2026-06-23/outputs/report_model_sixv2_vs_hbv_smoke,false,433759
/home/mircore/Desktop/diff_hydro/outputs/report_snowsimhydmc_heter_states_fluxes_ep14,moved_to_nas,outputs content not retained locally in clean package,/mnt/nas/home_aman/Projects/WRR_repo_archive_2026-06-23/outputs/report_snowsimhydmc_heter_states_fluxes_ep14,false,254851167
/home/mircore/Desktop/diff_hydro/outputs/report_snowsimhydmc_heter_vs_hbv_detailed_ep14,moved_to_nas,outputs content not retained locally in clean package,/mnt/nas/home_aman/Projects/WRR_repo_archive_2026-06-23/outputs/report_snowsimhydmc_heter_vs_hbv_detailed_ep14,false,9333146
/home/mircore/Desktop/diff_hydro/outputs/rnnStreamflow,moved_to_nas,outputs content not retained locally in clean package,/mnt/nas/home_aman/Projects/WRR_repo_archive_2026-06-23/outputs/rnnStreamflow,false,3982263020
/home/mircore/Desktop/diff_hydro/outputs/subset_395_basins_model6_ep30,moved_to_nas,outputs content not retained locally in clean package,/mnt/nas/home_aman/Projects/WRR_repo_archive_2026-06-23/outputs/subset_395_basins_model6_ep30,false,171700
/home/mircore/Desktop/diff_hydro/outputs/tmp_diag_train_q.csv,moved_to_nas,outputs content not retained locally in clean package,/mnt/nas/home_aman/Projects/WRR_repo_archive_2026-06-23/outputs/tmp_diag_train_q.csv,false,1233891
/home/mircore/Desktop/diff_hydro/outputs/vi_hbv_50step_eval,moved_to_nas,outputs content not retained locally in clean package,/mnt/nas/home_aman/Projects/WRR_repo_archive_2026-06-23/outputs/vi_hbv_50step_eval,false,41020981
/home/mircore/Desktop/diff_hydro/outputs/vi_hbv_8basins,moved_to_nas,outputs content not retained locally in clean package,/mnt/nas/home_aman/Projects/WRR_repo_archive_2026-06-23/outputs/vi_hbv_8basins,false,3144263
/home/mircore/Desktop/diff_hydro_publication,kept,new clean publication repo built from locked Model 6 assets,,false,1067441046
