aridity_class,snow_class,forest_class,baseflow_class,NSE_median,NSE_mean,KGE_median,KGE_mean,R2_median,R2_mean,low_flow_NSE_median,low_flow_NSE_mean,high_flow_NSE_median,high_flow_NSE_mean,logNSE_daily_aux_median,logNSE_daily_aux_mean,n_basins
arid,non_snow,forested,high_bfi,0.2584078907966614,-0.2839222285482619,0.4595613304311735,0.2318464736993575,0.4726312441344929,0.44968988270992394,-61.304141998291016,-104.46356179979112,0.1219085454940795,-0.7044604619344076,0.2532589819429174,-0.45064030074282635,9
arid,non_snow,forested,low_bfi,0.4697868227958679,0.47898957946083764,0.3349945293259361,0.22756664646823707,0.6323341560239216,0.6032335768147448,-824.2199096679688,-499870.15894529555,0.4610658884048462,0.46461743929169397,0.4826241949240673,0.33971383723422216,11
arid,non_snow,non_forested,high_bfi,0.0661706328392029,-1.8910815075039864,0.3338515675897935,-0.327730479161955,0.3397258062016647,0.38500410746130387,-23.922569274902344,-503.41858341819363,0.006841361522674599,-2.0381455779075623,-0.1782482272858681,-2.4940601199754937,20
arid,non_snow,non_forested,low_bfi,0.23982074856758115,0.06364882810086739,0.03944588592236155,-0.3040116564166934,0.377506688508598,0.3827289333684512,-2973.7908935546875,-165759.61746784736,0.2002332806587219,0.11376666204958427,0.022522653698268447,-0.32130851296363033,82
arid,snow_dominated,forested,high_bfi,0.7598427087068558,0.5441465380673225,0.7518386880769914,0.626075201002683,0.8039321583791468,0.765498572388674,-19.1687593460083,-52.996165422292854,0.6765632033348083,-0.6428940018209127,0.75434673812915,0.46056982116395645,26
arid,snow_dominated,forested,low_bfi,0.8505863845348358,0.8295317155619463,0.7713615973587133,0.7131352760513794,0.8815039686486759,0.8532161559838437,-69.35804176330566,-119.05236434936523,0.779901459813118,0.7665518745779991,0.8654374567741995,0.8300040578298408,6
arid,snow_dominated,non_forested,high_bfi,0.6160569489002228,-0.03560708598657088,0.4803666070312803,0.3085332768923749,0.7249553994417312,0.6833073856322597,-37.147504806518555,-243.01228811524132,0.24567568302154535,-0.43172620169141074,0.548224647251343,0.09412612931308507,22
arid,snow_dominated,non_forested,low_bfi,0.23816689848899836,0.23816689848899836,-0.45745138303656463,-0.45745138303656463,0.45949757342967473,0.45949757342967473,-4444.2744140625,-4444.2744140625,0.2379015684127807,0.2379015684127807,-0.09007368351083272,-0.09007368351083272,2
humid,non_snow,forested,high_bfi,0.7484163641929626,0.7264562217338432,0.7770102143666919,0.7481439671484063,0.7819078354591484,0.774861770102336,-6.538507699966431,-12.231730579849213,0.6482976675033569,0.628286991388567,0.7512467351720717,0.7301552500162752,124
humid,non_snow,forested,low_bfi,0.7355470955371857,0.70135209672153,0.6984628960907171,0.683061215802688,0.7584487082959568,0.7403791124917132,-39.38131141662598,-203.32161816716194,0.6412416696548462,0.6224530997872353,0.7051884401854086,0.6894157105208714,100
humid,non_snow,non_forested,high_bfi,0.5273556113243103,0.5613139825207847,0.6512561004420754,0.6726871249992613,0.658039445890748,0.6368547510458024,-6.779735565185547,-6.513027565819876,0.441811740398407,0.4319508842059544,0.676018372816754,0.6781748088295182,7
humid,non_snow,non_forested,low_bfi,0.738876074552536,0.7151981194814047,0.7024700005204458,0.7183181230324266,0.7524328099216502,0.7271921664442543,-283.27032470703125,-308.31376242637634,0.6742383986711502,0.6629364863038063,0.6548359009705336,0.6735497294867493,6
humid,snow_dominated,forested,high_bfi,0.7833906263113022,0.7482704642415047,0.7902891271179864,0.752099294499429,0.7953091700236258,0.7752966790623097,-6.164158344268799,-32.672120509147646,0.622593492269516,0.5912007629871369,0.7543454640032674,0.672780124932855,25
humid,snow_dominated,forested,low_bfi,0.8293523192405701,0.8293523192405701,0.8094946682609347,0.8094946682609347,0.8365619844532343,0.8365619844532343,-7.223767280578613,-7.223767280578613,0.7468358278274536,0.7468358278274536,0.7970200303078698,0.7970200303078698,1
transitional,non_snow,forested,high_bfi,0.6566988229751587,0.5792540067008564,0.6728512947325564,0.6283266661485319,0.7254198980019895,0.713325291432368,-15.21161413192749,-48.384104267188484,0.5779978185892105,0.4646717550499099,0.6537761295488766,0.45919482951954027,70
transitional,non_snow,forested,low_bfi,0.6631796211004257,0.6465749014168978,0.5335319113671132,0.5121484718666438,0.7083696019150764,0.6949961289662235,-148.09525299072266,-2369.6715790884837,0.6381240487098694,0.609470761780228,0.5819544624957961,0.5513250860102341,56
transitional,non_snow,non_forested,high_bfi,0.37513926625251764,0.4252900605400403,0.573658798070761,0.4948608636970968,0.5599420551996275,0.5723210366449679,-20.757483959197998,-1766.8742190996807,0.2674959003925323,0.3221453229586283,0.49212895504363696,0.4129347450237022,12
transitional,non_snow,non_forested,low_bfi,0.6933894157409668,0.6661498057929909,0.5786152018147337,0.5372263008307898,0.7115162471605216,0.7016443686421665,-383.10552978515625,-102051.018539326,0.6569761633872986,0.6292465259047115,0.548649767917488,0.5179870266716315,68
transitional,snow_dominated,forested,high_bfi,0.7607884556055069,0.7394284095615149,0.7038918418560893,0.6623068336363118,0.8442120912061414,0.8077746100795624,-38.43601989746094,-87.94479793310165,0.6301587969064713,0.6334503754973412,0.7902200014922529,0.6689447551015466,20
transitional,snow_dominated,forested,low_bfi,0.7956534028053284,0.7684632291396459,0.8193845929902657,0.7320713001779554,0.8020660521805256,0.8027428587411566,-71.53953552246094,-133.6442718505859,0.68691486120224,0.6223434805870056,0.7968022606177824,0.7903436125823169,3
transitional,snow_dominated,non_forested,high_bfi,0.8871851935982704,0.8871851935982704,0.8708857673405361,0.8708857673405361,0.8901872021150499,0.8901872021150499,-73.18692016601562,-73.18692016601562,0.8067587018013,0.8067587018013,0.9015583964966146,0.9015583964966146,1
