basin_id,lat,lon,area_km2
1013500,47.23739,-68.58264,2252.7
1022500,44.60797,-67.93524,573.6
1030500,45.50097,-68.30596,3676.17
1031500,45.17501,-69.3147,769.05
1047000,44.8692,-69.9551,909.1
1052500,44.87739,-71.05749,383.82
1054200,44.39044,-70.97964,180.98
1055000,44.64275,-70.58878,250.64
1057000,44.30399,-70.53968,190.92
1073000,43.1487,-70.96506,31.3
1078000,43.56646,-71.74786,222.46
1118300,41.47482,-71.83424,10.36
1121000,41.84371,-72.16897,70.25
1123000,41.67177,-72.0523,77.85
1134500,44.51172,-71.83731,195.13
1137500,44.26867,-71.63036,228.55
1139000,44.15034,-72.06509,246.33
1139800,44.09284,-72.33565,22.8
1142500,43.93451,-72.65788,82.17
1144000,43.71424,-72.41815,1790.24
1162500,42.68259,-72.11508,49.71
1169000,42.63842,-72.72509,230.64
1170100,42.70342,-72.67065,106.99
1181000,42.23731,-72.89565,243.5
1187300,42.03732,-72.93899,53.92
1195100,41.30593,-72.5312,14.84
1333000,42.70897,-73.19677,112.16
1350000,42.31953,-74.43654,612.51
1350080,42.37703,-74.41292,83.84
1350140,42.42897,-74.47293,43.76
1365000,41.86648,-74.4871,99.57
1411300,39.30694,-74.82056,79.32
1413500,42.14481,-74.65349,424.1
1414500,42.1062,-74.73043,64.45
1415000,42.12009,-74.81849,85.63
1423000,42.1662,-75.13989,859.68
1434025,41.99537,-74.50099,9.7
1435000,41.89009,-74.58988,172.46
1439500,41.08815,-75.03767,305.88
1440000,41.10667,-74.95222,167.72
1440400,41.08481,-75.21462,175.21
1451800,40.66176,-75.62685,135.84
1466500,39.885,-74.50528,5.38
1484100,38.90578,-75.51275,9.0
1485500,38.22892,-75.47144,141.54
1486000,38.21389,-75.67139,11.18
1487000,38.72833,-75.56186,187.41
1491000,38.99719,-75.78581,292.04
1510000,42.54118,-75.89964,382.99
1516500,41.79091,-77.01469,31.48
1518862,41.92313,-77.53193,233.91
1532000,41.70702,-76.48467,553.94
1539000,41.07814,-76.43106,701.78
1542810,41.57895,-78.29251,13.62
1543000,41.4134,-78.19695,705.5
1543500,41.31728,-78.10306,1778.26
1544500,41.4759,-77.82582,355.06
1545600,41.38951,-77.69082,120.0
1547700,41.05951,-77.60583,113.54
1548500,41.52174,-77.44748,1557.05
1549500,41.47368,-77.23081,97.49
1550000,41.41841,-77.03275,452.68
1552000,41.32508,-76.91246,1129.49
1552500,41.35702,-76.53467,60.64
1557500,40.68367,-78.23362,115.3
1567500,40.37092,-77.40221,38.77
1568000,40.32342,-77.16887,534.39
1580000,39.62997,-76.40331,244.37
1583500,39.51078,-76.6765,155.85
1586610,39.45189,-76.95531,72.7
1591400,39.25597,-77.05106,59.09
1594950,39.27669,-79.39031,6.12
1596500,39.57006,-79.10194,124.65
1605500,38.63567,-79.33782,463.85
1606500,38.99122,-79.17587,1684.55
1613050,39.89842,-78.13223,27.9
1620500,38.33763,-79.24004,44.74
1632000,38.63706,-78.8528,543.36
1632900,38.69345,-78.64279,245.05
1634500,39.08122,-78.32945,263.98
1638480,39.25455,-77.57638,232.0
1639500,39.61236,-77.23744,267.18
1644000,39.01955,-77.57749,859.17
1658500,38.58734,-77.4286,19.34
1664000,38.53068,-77.8136,1605.1
1666500,38.32513,-78.09556,463.15
1667500,38.35041,-77.975,1209.75
1669000,37.87708,-76.90052,71.84
1669520,37.63375,-76.69635,277.39
2011400,38.04235,-79.88144,407.72
2011460,38.2454,-79.76866,156.34
2013000,37.8029,-80.047,424.78
2014000,37.72901,-80.04228,396.78
2015700,38.1954,-79.57032,285.41
2016000,37.7918,-79.75949,1194.55
2017500,37.50624,-80.10671,276.15
2018000,37.66596,-79.91144,852.34
2027000,37.71542,-78.98169,240.77
2027500,37.70236,-79.02752,123.34
2028500,37.86959,-78.82335,245.45
2038850,37.41542,-78.63584,22.0
2046000,37.06709,-77.60249,288.52
2051000,36.99737,-78.34972,144.82
2051500,36.71681,-77.83166,1428.71
2053200,36.37083,-77.02556,583.66
2053800,37.14013,-80.26643,280.72
2055100,37.41763,-79.93532,30.54
2056900,37.04514,-79.8442,298.11
2059500,37.1732,-79.52031,485.41
2064000,37.12681,-78.95974,427.77
2065500,37.07931,-78.76362,252.58
2069700,36.57097,-80.12949,221.13
2070000,36.56819,-79.98726,270.61
2074500,36.61958,-79.50419,288.53
2077200,36.39778,-79.19667,121.69
2081500,36.19417,-78.58306,428.37
2082950,36.18333,-77.87611,460.85
2092500,35.06417,-77.46139,447.58
2096846,35.98722,-79.20611,19.57
2102908,35.18278,-79.1775,19.73
2108000,34.82889,-77.83222,1569.48
2111180,36.07139,-81.40306,131.47
2111500,36.175,-81.16889,233.66
2112120,36.25028,-81.04444,322.27
2112360,36.31139,-80.80722,205.3
2118500,36.00056,-80.74556,400.53
2125000,35.33472,-80.33556,144.55
2128000,35.38722,-79.83139,273.48
2137727,35.68583,-82.06028,329.54
2140991,35.83361,-81.71194,521.99
2143000,35.68444,-81.40333,216.67
2143040,35.59069,-81.56704,66.48
2149000,35.42345,-82.1115,203.85
2152100,35.49306,-81.68222,154.99
2177000,34.81398,-83.30599,526.77
2178400,34.89037,-83.53044,151.28
2193340,33.68263,-82.85792,87.87
2196000,33.7293,-82.18179,1408.38
2198100,32.93766,-81.81539,79.49
2202600,32.16798,-81.48817,590.47
2212600,33.09985,-83.72351,187.96
2215100,32.23944,-83.50167,420.29
2216180,31.99139,-82.92194,129.11
2221525,33.25236,-83.48128,490.8
2231000,30.35885,-82.0815,1748.37
2231342,27.56865,-80.79617,111.56
2235200,28.87453,-81.48938,297.7
2245500,29.97941,-81.85204,348.43
2246000,30.1133,-81.90649,451.06
2296500,27.37504,-81.79647,886.4
2297155,27.48726,-82.02342,93.6
2297310,27.19949,-81.98842,528.38
2298123,27.052,-81.78453,540.65
2298608,27.34366,-82.15676,312.34
2299950,27.47365,-82.2112,174.27
2300700,27.79197,-82.35204,73.84
2310947,28.31195,-82.05591,649.56
2312200,28.57277,-82.15536,413.48
2314500,30.68056,-82.56056,3322.15
2315500,30.32578,-82.73818,6136.26
2324400,30.09827,-83.47181,176.27
2327100,30.12937,-84.49435,271.12
2342933,32.01766,-85.29577,290.1
2349900,32.19556,-83.90222,122.87
2350900,31.76444,-84.25333,1365.12
2361000,31.34295,-85.61049,1781.61
2363000,31.59489,-85.783,1292.51
2369800,31.02768,-86.70996,227.51
2371500,31.5735,-86.25162,1292.79
2372250,31.59627,-86.40552,1145.22
2374500,31.4185,-86.98664,445.72
2381600,34.57037,-84.46882,10.32
2384540,34.87202,-84.72133,21.37
2395120,34.24278,-84.88972,84.01
2408540,32.91679,-86.27025,682.41
2415000,33.06679,-85.87913,491.38
2422500,32.58291,-86.9036,527.55
2427250,31.99626,-87.06832,675.24
2430085,34.46667,-88.28361,40.56
2430615,34.3925,-88.355,28.71
2450250,34.28538,-87.39891,231.83
2464000,33.47928,-87.59723,578.94
2464146,33.41345,-87.51056,15.82
2464360,33.42484,-87.64251,148.62
2465493,32.99735,-87.62223,83.42
2469800,31.74432,-88.02251,422.68
2472000,31.70694,-89.40694,1927.13
2472500,31.42583,-89.41472,789.94
2479155,31.02528,-89.01667,137.28
2479300,30.73611,-88.78111,1144.2
2479560,30.80908,-88.45863,1454.33
2481000,30.55861,-89.12194,249.23
2481510,30.48361,-89.27444,800.66
3010655,41.96173,-78.19807,254.44
3011800,41.76645,-78.71864,100.1
3015500,41.85256,-79.31727,784.85
3021350,42.01533,-79.78255,239.67
3026500,41.57534,-78.69225,161.11
3049000,40.7159,-79.69949,357.15
3050000,38.80927,-79.88173,487.29
3066000,39.12705,-79.46838,222.79
3069500,39.12288,-79.68117,1856.85
3070500,39.61564,-79.70477,517.38
3161000,36.39333,-81.40694,527.86
3164000,36.64735,-80.97897,2952.74
3165000,36.64596,-80.91924,102.0
3170000,37.03763,-80.55672,794.64
3173000,37.26818,-80.70951,773.32
3180500,38.54373,-79.83312,345.06
3182500,38.18595,-80.13062,1364.97
3213700,37.67316,-82.28014,2425.06
3237500,38.80368,-83.42102,1003.21
3281500,37.47981,-83.67519,1838.22
3338780,40.26531,-87.6428,691.56
3439000,35.14333,-82.82472,178.67
3456500,35.46167,-82.86972,133.43
3498500,35.78562,-83.8846,696.76
4015330,46.94688,-91.7924,224.35
4027000,46.48661,-90.6963,1619.85
4045500,46.57502,-85.26955,1909.59
4056500,46.03053,-86.16125,2945.89
4059510,45.75552,-87.20152,1184.37
4124000,44.43639,-85.69868,2243.63
4213000,41.927,-80.60397,455.3
4221000,42.12229,-77.95722,750.88
4296000,44.86894,-72.2701,302.19
5056000,47.80555,-98.71622,4862.02
5057000,47.43277,-98.0276,7582.46
5087500,48.34109,-96.81812,600.82
5123400,48.58889,-100.44208,3206.1
5129115,48.26463,-92.56599,2357.59
5131500,48.39578,-93.54933,4383.51
5362000,45.30803,-90.95652,1477.29
5399500,44.82191,-90.07958,576.3
5444000,41.90281,-89.69622,376.35
6037500,44.65687,-111.06827,1126.25
6043500,45.49743,-111.27051,2120.42
6188000,44.92772,-110.39381,1730.28
6191500,45.11188,-110.79438,6783.59
6280300,44.20828,-109.55489,793.95
6291500,45.12644,-107.60054,217.96
6353000,46.09167,-101.33374,4526.51
6622700,41.37024,-106.52058,98.7
6623800,41.02358,-106.82477,187.66
6632400,41.58525,-106.22279,162.99
6889200,39.23833,-95.8886,385.66
7071500,36.64868,-91.20082,2023.77
7149000,37.0392,-98.47021,2291.2
7197000,35.9212,-94.83856,808.45
7291000,31.50306,-90.7775,479.3
7301500,35.16811,-99.50731,6885.07
7335700,34.63844,-94.61272,102.57
8013000,30.99602,-92.67375,1293.69
8070000,30.3366,-95.1041,841.06
8150800,30.64352,-99.09588,557.52
8190000,29.42857,-99.99729,1961.43
9034900,39.76026,-105.9064,15.65
9066000,39.59638,-106.26503,32.41
9107000,38.86027,-106.5667,331.62
9430500,33.06118,-108.53727,4804.93
9494000,33.73644,-110.16677,1628.23
9505800,34.53864,-111.69404,614.94
10258000,33.80502,-116.55918,43.69
10336645,39.05185,-120.11852,19.6
10343500,39.43157,-120.23798,27.6
11143000,36.2458,-121.77329,120.61
11230500,37.33939,-118.97345,135.53
11381500,40.0546,-122.02415,337.63
11473900,39.70627,-123.32529,1925.01
11478500,40.48042,-123.89088,572.38
11522500,41.37763,-123.47756,1943.12
12013500,46.65093,-123.65266,337.69
12025000,46.6201,-122.94513,404.9
14137000,45.53094,-122.04826,346.13
14138800,45.53094,-122.04826,346.13
14138870,45.53094,-122.04826,346.13
14138900,45.53094,-122.04826,346.13
14139800,45.53094,-122.04826,346.13
14141500,45.53094,-122.04826,346.13
14325000,43.03042,-123.13468,947.2
